{
  "name": "wPaint",
  "title": "wPaint jQuery Paint Plugin",
  "description": "A jQuery paint plugin for a simple drawing surface that you can easily pop into your pages, similar to the basic windows paint program.",
  "keywords": [
    "websanova",
    "wPaint",
    "paint",
    "canvas",
    "html5"
  ],
  "version": "2.5.0",
  "author": {
    "name": "Websanova",
    "email": "rob@websanova.com",
    "url": "http://websanova.com"
  },
  "maintainers": [
    {
      "name": "Websanova",
      "email": "rob@websanova.com",
      "url": "http://websanova.com"
    }
  ],
  "licenses": [
    {
      "type": "MIT",
      "url": "https://github.com/websanova/wPaint#license"
    }
  ],
  "bugs": "https://github.com/websanova/wPaint/issues",
  "homepage": "http://wpaint.websanova.com",
  "docs": "https://github.com/websanova/wPaint#wpaintjs",
  "download": "https://github.com/websanova/wPaint/tags",
  "dependencies": {
    "jquery": ">=1.5"
  }
}
